{
  "project_info": {
    "project_number": "908841576857",
    "project_id": "imbizo-wil3-v2",
    "storage_bucket": "imbizo-wil3-v2.appspot.com"
  },
  "client": [
    {
      "client_info": {
        "mobilesdk_app_id": "1:908841576857:android:5948bdead50b5312d9cb08",
        "android_client_info": {
          "package_name": "learnprogramming.academy.imbizo_wil3_v2"
        }
      },
      "oauth_client": [
        {
          "client_id": "908841576857-giidl7jsfg3d7h59s8ianqgppel9690j.apps.googleusercontent.com",
          "client_type": 3
        }
      ],
      "api_key": [
        {
          "current_key": "AIzaSyA_FY_I9dI4nHEKB6xqESZBHA-8WFnj-fM"
        }
      ],
      "services": {
        "appinvite_service": {
          "other_platform_oauth_client": [
            {
              "client_id": "908841576857-giidl7jsfg3d7h59s8ianqgppel9690j.apps.googleusercontent.com",
              "client_type": 3
            }
          ]
        }
      }
    }
  ],
  "configuration_version": "1"
}